{
  "model": "catboost",
  "best_value": 0.8406126420187057,
  "best_params": {
    "iterations": 300,
    "depth": 5,
    "learning_rate": 0.017243688132663217,
    "l2_leaf_reg": 1.288005552363514,
    "random_strength": 1.795768875303669,
    "bagging_temperature": 0.3256125157008815,
    "border_count": 146
  },
  "n_trials": 20
}