{
  "model": "xgboost",
  "best_value": 0.8372481325717155,
  "best_params": {
    "n_estimators": 400,
    "max_depth": 8,
    "learning_rate": 0.1293671268393557,
    "subsample": 0.9950965366751763,
    "colsample_bytree": 0.6581074158233442,
    "min_child_weight": 4,
    "gamma": 0.47015312574697127,
    "reg_alpha": 5.0586824044724174e-05,
    "reg_lambda": 4.193072622854315
  },
  "n_trials": 20
}